user_id,last_order_date,recency,frequency,monetary,last_login,days_since_login,session_count,churn_flag,segment,churn_risk_score,recommended_action,revenue_at_risk,priority_level,final_priority_score
1,2025-12-05,140,3,6610.82,2024-03-20,765,45,1,"High Value At Risk",313.2,"Win-back Campaign",6610.82,HIGH,2202.49
2,2024-02-10,804,1,1500.00,2024-03-25,760,30,1,"Low Engagement",710.3,"Send Push Notification",0.00,LOW,947.21
3,2026-02-27,56,3,4034.23,2023-10-01,936,10,1,"High Value At Risk",314.1,"Win-back Campaign",4034.23,HIGH,1430.14
4,2024-03-01,784,1,2000.00,2024-03-28,757,50,1,"Low Engagement",697.4,"Send Push Notification",0.00,LOW,1088.18
5,2023-07-10,1019,1,300.00,2023-08-01,997,5,1,"Low Engagement",910.4,"Send Push Notification",0.00,LOW,727.28
6,2024-02-25,789,1,1800.00,2024-03-22,763,40,1,"Low Engagement",702.2,"Send Push Notification",0.00,LOW,1031.54
7,2023-06-20,1039,1,400.00,2023-07-01,1028,8,1,"Low Engagement",931.7,"Send Push Notification",0.00,LOW,772.19
8,2025-12-04,141,2,6773.81,2024-02-20,794,25,1,"High Value At Risk",322.6,"Send Push Notification",6773.81,HIGH,2257.96
9,2025-11-06,169,2,3992.20,2023-06-01,1058,6,1,"High Value At Risk",418.6,"Send Push Notification",3992.20,HIGH,1490.68
10,2026-02-27,56,3,9958.41,2024-03-29,756,60,1,"High Value At Risk",260.1,"Win-back Campaign",9958.41,HIGH,3169.59
11,2024-02-01,813,1,900.00,2024-02-15,799,35,1,"Low Engagement",727.4,"Send Push Notification",0.00,LOW,779.18
12,2023-11-20,886,1,1100.00,2023-12-01,875,12,1,"Low Engagement",794,"Send Push Notification",0.00,LOW,885.8
13,2026-04-03,21,2,4104.72,2023-11-01,905,15,1,"High Value At Risk",283.9,"Send Push Notification",4104.72,HIGH,1430.15
14,2025-12-22,123,2,2635.28,2023-10-10,927,9,1,"Churned Users",351.7,"Send Push Notification",2635.28,MEDIUM,1036.77
15,2026-04-23,1,2,7604.31,2024-03-30,755,70,1,"High Value At Risk",226.9,"Send Push Notification",7604.31,HIGH,2440.12
16,2026-02-01,82,3,4163.66,2026-03-08,47,94,1,"High Value At Risk",63,"Win-back Campaign",4163.66,HIGH,1293.2
17,NULL,NULL,0,0.00,2026-04-07,17,70,0,"Regular Users",NULL,"Send Push Notification",0.00,NORMAL,NULL
18,2025-12-21,124,1,1890.27,2026-03-19,36,91,1,"Low Engagement",85.1,"Send Push Notification",0.00,LOW,626.651
19,NULL,NULL,0,0.00,2026-03-12,43,89,1,"Churned Users",NULL,"Send Push Notification",0.00,MEDIUM,NULL
20,NULL,NULL,0,0.00,2026-04-09,15,62,0,"Regular Users",NULL,"Send Push Notification",0.00,NORMAL,NULL
21,2026-04-13,11,1,1194.92,2026-04-06,18,72,0,"Regular Users",11.9,"Send Push Notification",0.00,NORMAL,366.806
22,2026-04-04,20,2,5157.85,2026-03-17,38,6,1,"High Value At Risk",23.2,"Send Push Notification",5157.85,HIGH,1563.59
23,2026-01-08,106,1,4375.32,2026-04-04,20,55,1,"High Value At Risk",69.5,"Send Push Notification",4375.32,HIGH,1361.25
24,NULL,NULL,0,0.00,2026-03-14,41,83,1,"Churned Users",NULL,"Send Push Notification",0.00,MEDIUM,NULL
25,NULL,NULL,0,0.00,2026-04-21,3,82,0,"Regular Users",NULL,"Send Push Notification",0.00,NORMAL,NULL
26,2026-04-14,10,1,964.87,2026-03-03,52,99,1,"Churned Users",21.5,"Send Push Notification",964.87,MEDIUM,304.511
27,2025-11-20,155,1,1063.32,2026-04-09,15,34,1,"Low Engagement",97.4,"Send Push Notification",0.00,LOW,387.176
28,NULL,NULL,0,0.00,2026-03-01,54,51,1,"Churned Users",NULL,"Send Push Notification",0.00,MEDIUM,NULL
29,NULL,NULL,0,0.00,2026-03-07,48,56,1,"Churned Users",NULL,"Send Push Notification",0.00,MEDIUM,NULL
30,2025-11-24,151,1,420.84,2026-04-04,20,6,1,"Low Engagement",96.5,"Send Push Notification",0.00,LOW,193.802
31,2026-02-09,74,1,4657.63,2026-04-09,15,10,1,"High Value At Risk",48.8,"Send Push Notification",4657.63,HIGH,1431.45
32,NULL,NULL,0,0.00,2026-03-12,43,36,1,"Churned Users",NULL,"Send Push Notification",0.00,MEDIUM,NULL
33,2026-01-02,112,1,4899.91,2026-03-20,35,93,1,"High Value At Risk",77.6,"Send Push Notification",4899.91,HIGH,1524.29
34,2026-04-14,10,1,710.11,2026-03-07,48,26,1,"Churned Users",20.3,"Send Push Notification",710.11,MEDIUM,227.243
35,2026-02-17,66,1,3499.46,2026-03-04,51,55,1,"High Value At Risk",54.8,"Send Push Notification",3499.46,HIGH,1088.2
36,NULL,NULL,0,0.00,2026-04-16,8,5,0,"Regular Users",NULL,"Send Push Notification",0.00,NORMAL,NULL
37,2026-04-24,0,3,7386.04,2026-03-07,48,90,1,"High Value At Risk",14.1,Monitor,7386.04,HIGH,2225.68
38,2026-03-12,43,3,2808.87,2026-04-21,3,61,1,"Churned Users",26.4,Monitor,2808.87,MEDIUM,861.141
39,NULL,NULL,0,0.00,2026-03-03,52,52,1,"Churned Users",NULL,"Send Push Notification",0.00,MEDIUM,NULL
40,2026-04-07,17,1,1599.91,2026-02-26,57,26,1,"Churned Users",27.2,"Send Push Notification",1599.91,MEDIUM,499.013
41,NULL,NULL,0,0.00,2026-03-31,24,28,1,"Churned Users",NULL,"Send Push Notification",0.00,MEDIUM,NULL
42,NULL,NULL,0,0.00,2026-04-16,8,93,0,"Regular Users",NULL,"Send Push Notification",0.00,NORMAL,NULL
43,NULL,NULL,0,0.00,2026-04-15,9,2,0,"Regular Users",NULL,"Send Push Notification",0.00,NORMAL,NULL
44,NULL,NULL,0,0.00,2026-03-20,35,93,1,"Churned Users",NULL,"Send Push Notification",0.00,MEDIUM,NULL
45,2026-02-04,79,2,6858.16,2026-03-05,50,42,1,"High Value At Risk",62.2,"Send Push Notification",6858.16,HIGH,2100.99
46,NULL,NULL,0,0.00,2026-03-21,34,61,1,"Churned Users",NULL,"Send Push Notification",0.00,MEDIUM,NULL
47,NULL,NULL,0,0.00,2026-04-06,18,75,0,"Regular Users",NULL,"Send Push Notification",0.00,NORMAL,NULL
48,NULL,NULL,0,0.00,2026-03-07,48,81,1,"Churned Users",NULL,"Send Push Notification",0.00,MEDIUM,NULL
49,2025-12-09,136,2,3684.22,2026-03-21,34,47,1,"High Value At Risk",91.6,"Send Push Notification",3684.22,HIGH,1169.39
50,NULL,NULL,0,0.00,2026-03-20,35,55,1,"Churned Users",NULL,"Send Push Notification",0.00,MEDIUM,NULL
51,NULL,NULL,0,0.00,2026-02-26,57,19,1,"Churned Users",NULL,"Send Push Notification",0.00,MEDIUM,NULL
52,NULL,NULL,0,0.00,2026-04-22,2,68,0,"Regular Users",NULL,"Send Push Notification",0.00,NORMAL,NULL
53,NULL,NULL,0,0.00,2026-04-11,13,8,0,"Regular Users",NULL,"Send Push Notification",0.00,NORMAL,NULL
54,2026-02-09,74,1,4175.35,2026-03-12,43,38,1,"High Value At Risk",57.2,"Send Push Notification",4175.35,HIGH,1292.65
55,NULL,NULL,0,0.00,2026-03-13,42,43,1,"Churned Users",NULL,"Send Push Notification",0.00,MEDIUM,NULL
56,2026-03-10,45,1,4962.63,2026-02-25,58,63,1,"High Value At Risk",44.3,"Send Push Notification",4962.63,HIGH,1519.8
57,2026-03-15,40,1,4323.31,2026-04-12,12,17,1,"High Value At Risk",27.5,"Send Push Notification",4323.31,HIGH,1316.24
58,2025-11-24,151,1,4671.57,2026-04-13,11,45,1,"High Value At Risk",93.8,"Send Push Notification",4671.57,HIGH,1467.13
59,2025-12-19,126,1,1194.34,2026-03-16,39,95,1,"Low Engagement",87.2,"Send Push Notification",0.00,LOW,419.342
60,2025-11-17,158,1,584.26,2026-03-10,45,98,1,"Low Engagement",108.2,"Send Push Notification",0.00,LOW,251.018
61,2025-11-13,162,2,2366.47,2026-03-20,35,6,1,"Churned Users",107.5,"Send Push Notification",2366.47,MEDIUM,785.191
62,NULL,NULL,0,0.00,2026-03-26,29,27,1,"Churned Users",NULL,"Send Push Notification",0.00,MEDIUM,NULL
63,NULL,NULL,0,0.00,2026-03-02,53,62,1,"Churned Users",NULL,"Send Push Notification",0.00,MEDIUM,NULL
64,2026-04-21,3,1,3944.35,2026-03-30,25,29,1,"High Value At Risk",9.2,"Send Push Notification",3944.35,HIGH,1189.74
65,NULL,NULL,0,0.00,2026-04-15,9,93,0,"Regular Users",NULL,"Send Push Notification",0.00,NORMAL,NULL
66,2026-04-09,15,2,5277.68,2026-04-16,8,94,0,"High Value Active",11.2,"Send Push Notification",0.00,NORMAL,1591.14
67,2026-02-05,78,1,4286.25,2026-04-08,16,53,1,"High Value At Risk",51.5,"Send Push Notification",4286.25,HIGH,1321.93
68,NULL,NULL,0,0.00,2026-03-06,49,54,1,"Churned Users",NULL,"Send Push Notification",0.00,MEDIUM,NULL
69,2026-03-25,30,2,7095.98,2026-04-11,13,51,0,"High Value Active",21.7,"Send Push Notification",0.00,NORMAL,2143.98
70,NULL,NULL,0,0.00,2026-03-03,52,82,1,"Churned Users",NULL,"Send Push Notification",0.00,MEDIUM,NULL
71,NULL,NULL,0,0.00,2026-03-28,27,85,1,"Churned Users",NULL,"Send Push Notification",0.00,MEDIUM,NULL
72,NULL,NULL,0,0.00,2026-03-03,52,81,1,"Churned Users",NULL,"Send Push Notification",0.00,MEDIUM,NULL
73,NULL,NULL,0,0.00,2026-03-31,24,66,1,"Churned Users",NULL,"Send Push Notification",0.00,MEDIUM,NULL
74,NULL,NULL,0,0.00,2026-04-23,1,20,0,"Regular Users",NULL,"Send Push Notification",0.00,NORMAL,NULL
75,2026-04-17,7,2,5746.67,2026-03-03,52,80,1,"High Value At Risk",19.6,"Send Push Notification",5746.67,HIGH,1737.72
76,NULL,NULL,0,0.00,2026-04-02,22,44,1,"Churned Users",NULL,"Send Push Notification",0.00,MEDIUM,NULL
77,NULL,NULL,0,0.00,2026-04-19,5,13,0,"Regular Users",NULL,"Send Push Notification",0.00,NORMAL,NULL
78,2026-03-30,25,2,4170.72,2026-04-02,22,46,1,"High Value At Risk",21.4,"Send Push Notification",4170.72,HIGH,1266.2
79,NULL,NULL,0,0.00,2026-04-14,10,54,0,"Regular Users",NULL,"Send Push Notification",0.00,NORMAL,NULL
80,NULL,NULL,0,0.00,2026-04-17,7,3,0,"Regular Users",NULL,"Send Push Notification",0.00,NORMAL,NULL
81,NULL,NULL,0,0.00,2026-03-10,45,72,1,"Churned Users",NULL,"Send Push Notification",0.00,MEDIUM,NULL
82,2026-03-25,30,3,4311.84,2026-04-06,18,39,0,"High Value Active",23.1,Monitor,0.00,NORMAL,1309.72
83,NULL,NULL,0,0.00,2026-02-24,59,78,1,"Churned Users",NULL,"Send Push Notification",0.00,MEDIUM,NULL
84,2026-04-15,9,1,4331.24,2026-02-27,56,36,1,"High Value At Risk",22.1,"Send Push Notification",4331.24,HIGH,1314.84
85,NULL,NULL,0,0.00,2026-02-26,57,73,1,"Churned Users",NULL,"Send Push Notification",0.00,MEDIUM,NULL
86,NULL,NULL,0,0.00,2026-03-11,44,54,1,"Churned Users",NULL,"Send Push Notification",0.00,MEDIUM,NULL
87,NULL,NULL,0,0.00,2026-03-28,27,71,1,"Churned Users",NULL,"Send Push Notification",0.00,MEDIUM,NULL
88,2025-11-30,145,1,3144.97,2026-04-16,8,57,1,"High Value At Risk",89.3,"Send Push Notification",3144.97,HIGH,1006
89,NULL,NULL,0,0.00,2026-03-30,25,43,1,"Churned Users",NULL,"Send Push Notification",0.00,MEDIUM,NULL
90,2026-04-09,15,1,4998.75,2026-03-04,51,2,1,"High Value At Risk",24.2,"Send Push Notification",4998.75,HIGH,1516.56
91,NULL,NULL,0,0.00,2026-03-26,29,41,1,"Churned Users",NULL,"Send Push Notification",0.00,MEDIUM,NULL
92,NULL,NULL,0,0.00,2026-03-22,33,61,1,"Churned Users",NULL,"Send Push Notification",0.00,MEDIUM,NULL
93,2026-04-06,18,1,298.34,2026-04-04,20,92,0,"Regular Users",16.7,"Send Push Notification",0.00,NORMAL,101.192
94,2026-02-24,59,1,1049.43,2026-03-23,32,98,1,"Low Engagement",44.9,"Send Push Notification",0.00,LOW,346.259
95,2026-04-03,21,1,746.98,2026-04-10,14,27,0,"Low Engagement",16.7,"Send Push Notification",0.00,LOW,235.784
96,NULL,NULL,0,0.00,2026-03-20,35,19,1,"Churned Users",NULL,"Send Push Notification",0.00,MEDIUM,NULL
97,NULL,NULL,0,0.00,2026-04-16,8,14,0,"Regular Users",NULL,"Send Push Notification",0.00,NORMAL,NULL
98,NULL,NULL,0,0.00,2026-04-08,16,98,0,"Regular Users",NULL,"Send Push Notification",0.00,NORMAL,NULL
99,2026-04-01,23,1,960.72,2026-04-22,2,28,0,"Low Engagement",14.3,"Send Push Notification",0.00,LOW,298.226
100,2026-02-15,68,1,2122.41,2026-04-10,14,37,1,"Low Engagement",44.9,"Send Push Notification",0.00,LOW,668.153
101,2026-01-27,87,1,4775.70,2026-04-17,7,51,1,"High Value At Risk",54.2,"Send Push Notification",4775.70,HIGH,1470.65
102,NULL,NULL,0,0.00,2026-04-14,10,36,0,"Regular Users",NULL,"Send Push Notification",0.00,NORMAL,NULL
103,2026-01-17,97,1,1114.52,2026-04-10,14,17,1,"Low Engagement",62.3,"Send Push Notification",0.00,LOW,377.966
104,NULL,NULL,0,0.00,2026-04-20,4,88,0,"Regular Users",NULL,"Send Push Notification",0.00,NORMAL,NULL
105,NULL,NULL,0,0.00,2026-04-15,9,15,0,"Regular Users",NULL,"Send Push Notification",0.00,NORMAL,NULL
106,2026-02-23,60,1,808.18,2026-04-09,15,86,1,"Low Engagement",40.4,"Send Push Notification",0.00,LOW,270.734
107,NULL,NULL,0,0.00,2026-03-25,30,1,1,"Churned Users",NULL,"Send Push Notification",0.00,MEDIUM,NULL
108,NULL,NULL,0,0.00,2026-03-28,27,29,1,"Churned Users",NULL,"Send Push Notification",0.00,MEDIUM,NULL
109,2026-01-12,102,1,1625.38,2026-04-20,4,49,1,"Low Engagement",62.3,"Send Push Notification",0.00,LOW,531.224
110,2026-02-27,56,1,167.70,2026-04-13,11,54,1,"Low Engagement",36.8,"Send Push Notification",0.00,LOW,76.07
111,NULL,NULL,0,0.00,2026-04-19,5,85,0,"Regular Users",NULL,"Send Push Notification",0.00,NORMAL,NULL
112,NULL,NULL,0,0.00,2026-02-26,57,28,1,"Churned Users",NULL,"Send Push Notification",0.00,MEDIUM,NULL
113,NULL,NULL,0,0.00,2026-03-27,28,58,1,"Churned Users",NULL,"Send Push Notification",0.00,MEDIUM,NULL
114,NULL,NULL,0,0.00,2026-03-28,27,52,1,"Churned Users",NULL,"Send Push Notification",0.00,MEDIUM,NULL
115,2026-02-10,73,1,2499.08,2026-04-10,14,65,1,"Low Engagement",47.9,"Send Push Notification",0.00,LOW,783.254
116,2026-02-26,57,2,382.43,2026-03-25,30,61,1,"Churned Users",43,"Send Push Notification",382.43,MEDIUM,144.829
117,NULL,NULL,0,0.00,2026-03-26,29,62,1,"Churned Users",NULL,"Send Push Notification",0.00,MEDIUM,NULL
118,2026-02-22,61,1,742.86,2026-03-18,37,30,1,"Low Engagement",47.6,"Send Push Notification",0.00,LOW,256.178
119,NULL,NULL,0,0.00,2026-03-21,34,1,1,"Churned Users",NULL,"Send Push Notification",0.00,MEDIUM,NULL
120,NULL,NULL,0,0.00,2026-04-07,17,46,0,"Regular Users",NULL,"Send Push Notification",0.00,NORMAL,NULL
121,2026-02-06,77,1,2914.01,2026-04-02,22,52,1,"Low Engagement",52.7,"Send Push Notification",0.00,LOW,911.093
122,2026-03-07,48,1,3846.94,2026-03-28,27,77,1,"High Value At Risk",36.8,"Send Push Notification",3846.94,HIGH,1179.84
123,2026-01-17,97,1,606.95,2026-03-29,26,95,1,"Low Engagement",65.9,"Send Push Notification",0.00,LOW,228.215
124,2025-12-25,120,1,3702.01,2026-04-03,21,97,1,"High Value At Risk",78.2,"Send Push Notification",3702.01,HIGH,1165.34
125,2026-02-03,80,2,8235.31,2026-03-10,45,91,1,"High Value At Risk",61.3,"Send Push Notification",8235.31,HIGH,2513.5
126,2026-03-20,35,1,1301.14,2026-04-11,13,43,1,"Low Engagement",24.8,"Send Push Notification",0.00,LOW,407.702
127,2026-03-23,32,2,5365.22,2026-03-27,28,6,1,"High Value At Risk",27.4,"Send Push Notification",5365.22,HIGH,1628.75
128,NULL,NULL,0,0.00,2026-03-04,51,15,1,"Churned Users",NULL,"Send Push Notification",0.00,MEDIUM,NULL
129,NULL,NULL,0,0.00,2026-04-16,8,26,0,"Regular Users",NULL,"Send Push Notification",0.00,NORMAL,NULL
130,NULL,NULL,0,0.00,2026-03-04,51,57,1,"Churned Users",NULL,"Send Push Notification",0.00,MEDIUM,NULL
131,2026-01-22,92,1,4684.69,2026-04-12,12,37,1,"High Value At Risk",58.7,"Send Push Notification",4684.69,HIGH,1446.5
132,NULL,NULL,0,0.00,2026-04-14,10,83,0,"Regular Users",NULL,"Send Push Notification",0.00,NORMAL,NULL
133,2025-12-16,129,2,9190.08,2026-03-21,34,43,1,"High Value At Risk",87.4,"Send Push Notification",9190.08,HIGH,2818.2
134,NULL,NULL,0,0.00,2026-04-02,22,58,1,"Churned Users",NULL,"Send Push Notification",0.00,MEDIUM,NULL
135,NULL,NULL,0,0.00,2026-03-09,46,14,1,"Churned Users",NULL,"Send Push Notification",0.00,MEDIUM,NULL
136,2026-04-01,23,1,4989.61,2026-04-03,21,42,1,"High Value At Risk",20,"Send Push Notification",4989.61,HIGH,1510.88
137,NULL,NULL,0,0.00,2026-02-25,58,65,1,"Churned Users",NULL,"Send Push Notification",0.00,MEDIUM,NULL
138,NULL,NULL,0,0.00,2026-04-08,16,44,0,"Regular Users",NULL,"Send Push Notification",0.00,NORMAL,NULL
139,NULL,NULL,0,0.00,2026-04-02,22,56,1,"Churned Users",NULL,"Send Push Notification",0.00,MEDIUM,NULL
140,NULL,NULL,0,0.00,2026-03-16,39,64,1,"Churned Users",NULL,"Send Push Notification",0.00,MEDIUM,NULL
141,2025-11-20,155,1,3190.18,NULL,NULL,NULL,1,"High Value At Risk",NULL,"Send Push Notification",3190.18,HIGH,NULL
142,2026-04-18,6,1,2432.64,NULL,NULL,NULL,0,"Regular Users",NULL,"Send Push Notification",0.00,NORMAL,NULL
143,2026-01-12,102,1,717.50,NULL,NULL,NULL,1,"Low Engagement",NULL,"Send Push Notification",0.00,LOW,NULL
144,NULL,NULL,0,0.00,NULL,NULL,NULL,0,"Regular Users",NULL,"Send Push Notification",0.00,NORMAL,NULL
145,NULL,NULL,0,0.00,NULL,NULL,NULL,0,"Regular Users",NULL,"Send Push Notification",0.00,NORMAL,NULL
146,2025-11-22,153,1,2770.41,NULL,NULL,NULL,1,"Low Engagement",NULL,"Send Push Notification",0.00,LOW,NULL
147,2025-11-06,169,1,4281.87,NULL,NULL,NULL,1,"High Value At Risk",NULL,"Send Push Notification",4281.87,HIGH,NULL
148,NULL,NULL,0,0.00,NULL,NULL,NULL,0,"Regular Users",NULL,"Send Push Notification",0.00,NORMAL,NULL
149,2025-11-08,167,1,4581.03,NULL,NULL,NULL,1,"High Value At Risk",NULL,"Send Push Notification",4581.03,HIGH,NULL
150,2026-01-31,83,1,2978.69,NULL,NULL,NULL,1,"Low Engagement",NULL,"Send Push Notification",0.00,LOW,NULL
151,2026-04-18,6,1,2296.93,NULL,NULL,NULL,0,"Regular Users",NULL,"Send Push Notification",0.00,NORMAL,NULL
152,NULL,NULL,0,0.00,NULL,NULL,NULL,0,"Regular Users",NULL,"Send Push Notification",0.00,NORMAL,NULL
153,NULL,NULL,0,0.00,NULL,NULL,NULL,0,"Regular Users",NULL,"Send Push Notification",0.00,NORMAL,NULL
154,2026-03-19,36,2,4656.30,NULL,NULL,NULL,1,"High Value At Risk",NULL,"Send Push Notification",4656.30,HIGH,NULL
155,2026-02-05,78,1,2171.39,NULL,NULL,NULL,1,"Low Engagement",NULL,"Send Push Notification",0.00,LOW,NULL
156,2025-11-16,159,1,3342.05,NULL,NULL,NULL,1,"High Value At Risk",NULL,"Send Push Notification",3342.05,HIGH,NULL
157,2026-04-13,11,1,2785.69,NULL,NULL,NULL,0,"Regular Users",NULL,"Send Push Notification",0.00,NORMAL,NULL
158,2026-03-18,37,2,3028.85,NULL,NULL,NULL,1,"High Value At Risk",NULL,"Send Push Notification",3028.85,HIGH,NULL
159,2025-12-23,122,1,3109.13,NULL,NULL,NULL,1,"High Value At Risk",NULL,"Send Push Notification",3109.13,HIGH,NULL
160,2026-04-16,8,2,6945.21,NULL,NULL,NULL,0,"High Value Active",NULL,"Send Push Notification",0.00,NORMAL,NULL
161,2026-02-21,62,1,4794.40,NULL,NULL,NULL,1,"High Value At Risk",NULL,"Send Push Notification",4794.40,HIGH,NULL
162,NULL,NULL,0,0.00,NULL,NULL,NULL,0,"Regular Users",NULL,"Send Push Notification",0.00,NORMAL,NULL
163,2026-04-11,13,3,6872.13,NULL,NULL,NULL,0,"High Value Active",NULL,Monitor,0.00,NORMAL,NULL
164,2026-03-21,34,2,2640.58,NULL,NULL,NULL,1,"Churned Users",NULL,"Send Push Notification",2640.58,MEDIUM,NULL
165,NULL,NULL,0,0.00,NULL,NULL,NULL,0,"Regular Users",NULL,"Send Push Notification",0.00,NORMAL,NULL
166,2026-04-12,12,2,2916.40,NULL,NULL,NULL,0,"Regular Users",NULL,"Send Push Notification",0.00,NORMAL,NULL
167,NULL,NULL,0,0.00,NULL,NULL,NULL,0,"Regular Users",NULL,"Send Push Notification",0.00,NORMAL,NULL
168,NULL,NULL,0,0.00,NULL,NULL,NULL,0,"Regular Users",NULL,"Send Push Notification",0.00,NORMAL,NULL
169,2026-02-04,79,1,1870.39,NULL,NULL,NULL,1,"Low Engagement",NULL,"Send Push Notification",0.00,LOW,NULL
170,NULL,NULL,0,0.00,NULL,NULL,NULL,0,"Regular Users",NULL,"Send Push Notification",0.00,NORMAL,NULL
171,NULL,NULL,0,0.00,NULL,NULL,NULL,0,"Regular Users",NULL,"Send Push Notification",0.00,NORMAL,NULL
172,NULL,NULL,0,0.00,NULL,NULL,NULL,0,"Regular Users",NULL,"Send Push Notification",0.00,NORMAL,NULL
173,NULL,NULL,0,0.00,NULL,NULL,NULL,0,"Regular Users",NULL,"Send Push Notification",0.00,NORMAL,NULL
174,NULL,NULL,0,0.00,NULL,NULL,NULL,0,"Regular Users",NULL,"Send Push Notification",0.00,NORMAL,NULL
175,2026-04-19,5,1,1517.77,NULL,NULL,NULL,0,"Regular Users",NULL,"Send Push Notification",0.00,NORMAL,NULL
176,NULL,NULL,0,0.00,NULL,NULL,NULL,0,"Regular Users",NULL,"Send Push Notification",0.00,NORMAL,NULL
177,2025-12-17,128,1,2660.77,NULL,NULL,NULL,1,"Low Engagement",NULL,"Send Push Notification",0.00,LOW,NULL
178,NULL,NULL,0,0.00,NULL,NULL,NULL,0,"Regular Users",NULL,"Send Push Notification",0.00,NORMAL,NULL
179,2026-02-17,66,1,4023.62,NULL,NULL,NULL,1,"High Value At Risk",NULL,"Send Push Notification",4023.62,HIGH,NULL
180,NULL,NULL,0,0.00,NULL,NULL,NULL,0,"Regular Users",NULL,"Send Push Notification",0.00,NORMAL,NULL
181,2026-01-20,94,2,8594.71,NULL,NULL,NULL,1,"High Value At Risk",NULL,"Send Push Notification",8594.71,HIGH,NULL
182,NULL,NULL,0,0.00,NULL,NULL,NULL,0,"Regular Users",NULL,"Send Push Notification",0.00,NORMAL,NULL
183,NULL,NULL,0,0.00,NULL,NULL,NULL,0,"Regular Users",NULL,"Send Push Notification",0.00,NORMAL,NULL
184,NULL,NULL,0,0.00,NULL,NULL,NULL,0,"Regular Users",NULL,"Send Push Notification",0.00,NORMAL,NULL
185,NULL,NULL,0,0.00,NULL,NULL,NULL,0,"Regular Users",NULL,"Send Push Notification",0.00,NORMAL,NULL
186,2026-02-20,63,2,5995.44,NULL,NULL,NULL,1,"High Value At Risk",NULL,"Send Push Notification",5995.44,HIGH,NULL
187,NULL,NULL,0,0.00,NULL,NULL,NULL,0,"Regular Users",NULL,"Send Push Notification",0.00,NORMAL,NULL
188,2026-02-10,73,1,656.11,NULL,NULL,NULL,1,"Low Engagement",NULL,"Send Push Notification",0.00,LOW,NULL
189,2026-03-24,31,1,4824.13,NULL,NULL,NULL,1,"High Value At Risk",NULL,"Send Push Notification",4824.13,HIGH,NULL
190,2025-12-04,141,1,4971.90,NULL,NULL,NULL,1,"High Value At Risk",NULL,"Send Push Notification",4971.90,HIGH,NULL
191,NULL,NULL,0,0.00,NULL,NULL,NULL,0,"Regular Users",NULL,"Send Push Notification",0.00,NORMAL,NULL
192,2025-12-28,117,1,1602.74,NULL,NULL,NULL,1,"Low Engagement",NULL,"Send Push Notification",0.00,LOW,NULL
193,NULL,NULL,0,0.00,NULL,NULL,NULL,0,"Regular Users",NULL,"Send Push Notification",0.00,NORMAL,NULL
194,2026-01-18,96,1,3610.82,NULL,NULL,NULL,1,"High Value At Risk",NULL,"Send Push Notification",3610.82,HIGH,NULL
195,NULL,NULL,0,0.00,NULL,NULL,NULL,0,"Regular Users",NULL,"Send Push Notification",0.00,NORMAL,NULL
196,2026-04-23,1,1,4432.65,NULL,NULL,NULL,0,"High Value Active",NULL,"Send Push Notification",0.00,NORMAL,NULL
197,NULL,NULL,0,0.00,NULL,NULL,NULL,0,"Regular Users",NULL,"Send Push Notification",0.00,NORMAL,NULL
198,2025-11-06,169,1,3748.78,NULL,NULL,NULL,1,"High Value At Risk",NULL,"Send Push Notification",3748.78,HIGH,NULL
199,NULL,NULL,0,0.00,NULL,NULL,NULL,0,"Regular Users",NULL,"Send Push Notification",0.00,NORMAL,NULL
200,2025-11-24,151,1,1082.32,NULL,NULL,NULL,1,"Low Engagement",NULL,"Send Push Notification",0.00,LOW,NULL
201,NULL,NULL,0,0.00,NULL,NULL,NULL,0,"Regular Users",NULL,"Send Push Notification",0.00,NORMAL,NULL
202,2026-02-27,56,1,2880.45,NULL,NULL,NULL,1,"Low Engagement",NULL,"Send Push Notification",0.00,LOW,NULL
203,NULL,NULL,0,0.00,NULL,NULL,NULL,0,"Regular Users",NULL,"Send Push Notification",0.00,NORMAL,NULL
204,NULL,NULL,0,0.00,NULL,NULL,NULL,0,"Regular Users",NULL,"Send Push Notification",0.00,NORMAL,NULL
205,NULL,NULL,0,0.00,NULL,NULL,NULL,0,"Regular Users",NULL,"Send Push Notification",0.00,NORMAL,NULL
206,NULL,NULL,0,0.00,NULL,NULL,NULL,0,"Regular Users",NULL,"Send Push Notification",0.00,NORMAL,NULL
207,2025-10-29,177,1,4563.68,NULL,NULL,NULL,1,"High Value At Risk",NULL,"Send Push Notification",4563.68,HIGH,NULL
208,NULL,NULL,0,0.00,NULL,NULL,NULL,0,"Regular Users",NULL,"Send Push Notification",0.00,NORMAL,NULL
209,2026-02-20,63,2,8462.42,NULL,NULL,NULL,1,"High Value At Risk",NULL,"Send Push Notification",8462.42,HIGH,NULL
210,NULL,NULL,0,0.00,NULL,NULL,NULL,0,"Regular Users",NULL,"Send Push Notification",0.00,NORMAL,NULL
211,NULL,NULL,0,0.00,NULL,NULL,NULL,0,"Regular Users",NULL,"Send Push Notification",0.00,NORMAL,NULL
212,NULL,NULL,0,0.00,NULL,NULL,NULL,0,"Regular Users",NULL,"Send Push Notification",0.00,NORMAL,NULL
213,2026-01-31,83,1,1363.97,NULL,NULL,NULL,1,"Low Engagement",NULL,"Send Push Notification",0.00,LOW,NULL
214,2026-02-15,68,1,4284.93,NULL,NULL,NULL,1,"High Value At Risk",NULL,"Send Push Notification",4284.93,HIGH,NULL
215,2026-02-22,61,1,3283.97,NULL,NULL,NULL,1,"High Value At Risk",NULL,"Send Push Notification",3283.97,HIGH,NULL
216,NULL,NULL,0,0.00,NULL,NULL,NULL,0,"Regular Users",NULL,"Send Push Notification",0.00,NORMAL,NULL
217,2026-03-18,37,1,4926.84,NULL,NULL,NULL,1,"High Value At Risk",NULL,"Send Push Notification",4926.84,HIGH,NULL
218,2026-04-02,22,3,8090.69,NULL,NULL,NULL,0,"High Value Active",NULL,Monitor,0.00,NORMAL,NULL
219,NULL,NULL,0,0.00,NULL,NULL,NULL,0,"Regular Users",NULL,"Send Push Notification",0.00,NORMAL,NULL
220,NULL,NULL,0,0.00,NULL,NULL,NULL,0,"Regular Users",NULL,"Send Push Notification",0.00,NORMAL,NULL
221,NULL,NULL,0,0.00,NULL,NULL,NULL,0,"Regular Users",NULL,"Send Push Notification",0.00,NORMAL,NULL
222,NULL,NULL,0,0.00,NULL,NULL,NULL,0,"Regular Users",NULL,"Send Push Notification",0.00,NORMAL,NULL
223,2025-12-19,126,2,3533.01,NULL,NULL,NULL,1,"High Value At Risk",NULL,"Send Push Notification",3533.01,HIGH,NULL
224,NULL,NULL,0,0.00,NULL,NULL,NULL,0,"Regular Users",NULL,"Send Push Notification",0.00,NORMAL,NULL
225,NULL,NULL,0,0.00,NULL,NULL,NULL,0,"Regular Users",NULL,"Send Push Notification",0.00,NORMAL,NULL
226,2026-02-03,80,1,605.16,NULL,NULL,NULL,1,"Low Engagement",NULL,"Send Push Notification",0.00,LOW,NULL
227,2026-02-06,77,1,212.20,NULL,NULL,NULL,1,"Low Engagement",NULL,"Send Push Notification",0.00,LOW,NULL
228,NULL,NULL,0,0.00,NULL,NULL,NULL,0,"Regular Users",NULL,"Send Push Notification",0.00,NORMAL,NULL
229,2026-01-27,87,1,1577.32,NULL,NULL,NULL,1,"Low Engagement",NULL,"Send Push Notification",0.00,LOW,NULL
230,2025-12-15,130,1,2496.46,NULL,NULL,NULL,1,"Low Engagement",NULL,"Send Push Notification",0.00,LOW,NULL
231,NULL,NULL,0,0.00,NULL,NULL,NULL,0,"Regular Users",NULL,"Send Push Notification",0.00,NORMAL,NULL
232,2026-04-09,15,1,1501.97,NULL,NULL,NULL,0,"Regular Users",NULL,"Send Push Notification",0.00,NORMAL,NULL
233,2025-12-19,126,1,1878.03,NULL,NULL,NULL,1,"Low Engagement",NULL,"Send Push Notification",0.00,LOW,NULL
234,2025-12-31,114,1,149.23,NULL,NULL,NULL,1,"Low Engagement",NULL,"Send Push Notification",0.00,LOW,NULL
235,2025-11-05,170,1,2973.50,NULL,NULL,NULL,1,"Low Engagement",NULL,"Send Push Notification",0.00,LOW,NULL
236,NULL,NULL,0,0.00,NULL,NULL,NULL,0,"Regular Users",NULL,"Send Push Notification",0.00,NORMAL,NULL
237,NULL,NULL,0,0.00,NULL,NULL,NULL,0,"Regular Users",NULL,"Send Push Notification",0.00,NORMAL,NULL
238,NULL,NULL,0,0.00,NULL,NULL,NULL,0,"Regular Users",NULL,"Send Push Notification",0.00,NORMAL,NULL
239,2026-01-27,87,2,5289.29,NULL,NULL,NULL,1,"High Value At Risk",NULL,"Send Push Notification",5289.29,HIGH,NULL
240,2026-04-01,23,1,2376.25,NULL,NULL,NULL,0,"Low Engagement",NULL,"Send Push Notification",0.00,LOW,NULL
241,2025-12-09,136,1,3026.92,NULL,NULL,NULL,1,"High Value At Risk",NULL,"Send Push Notification",3026.92,HIGH,NULL
242,2026-03-16,39,2,6977.20,NULL,NULL,NULL,1,"High Value At Risk",NULL,"Send Push Notification",6977.20,HIGH,NULL
243,NULL,NULL,0,0.00,NULL,NULL,NULL,0,"Regular Users",NULL,"Send Push Notification",0.00,NORMAL,NULL
244,2026-04-04,20,1,1909.21,NULL,NULL,NULL,0,"Regular Users",NULL,"Send Push Notification",0.00,NORMAL,NULL
245,NULL,NULL,0,0.00,NULL,NULL,NULL,0,"Regular Users",NULL,"Send Push Notification",0.00,NORMAL,NULL
246,2026-03-10,45,1,283.60,NULL,NULL,NULL,1,"Low Engagement",NULL,"Send Push Notification",0.00,LOW,NULL
247,NULL,NULL,0,0.00,NULL,NULL,NULL,0,"Regular Users",NULL,"Send Push Notification",0.00,NORMAL,NULL
248,NULL,NULL,0,0.00,NULL,NULL,NULL,0,"Regular Users",NULL,"Send Push Notification",0.00,NORMAL,NULL
249,NULL,NULL,0,0.00,NULL,NULL,NULL,0,"Regular Users",NULL,"Send Push Notification",0.00,NORMAL,NULL
250,2025-12-17,128,1,1701.74,NULL,NULL,NULL,1,"Low Engagement",NULL,"Send Push Notification",0.00,LOW,NULL
251,2026-02-28,55,1,1498.47,NULL,NULL,NULL,1,"Low Engagement",NULL,"Send Push Notification",0.00,LOW,NULL
252,2026-02-11,72,2,6025.65,NULL,NULL,NULL,1,"High Value At Risk",NULL,"Send Push Notification",6025.65,HIGH,NULL
253,2026-04-13,11,1,418.40,NULL,NULL,NULL,0,"Regular Users",NULL,"Send Push Notification",0.00,NORMAL,NULL
254,2026-04-10,14,1,781.91,NULL,NULL,NULL,0,"Regular Users",NULL,"Send Push Notification",0.00,NORMAL,NULL
255,2026-03-04,51,1,956.19,NULL,NULL,NULL,1,"Low Engagement",NULL,"Send Push Notification",0.00,LOW,NULL
256,NULL,NULL,0,0.00,NULL,NULL,NULL,0,"Regular Users",NULL,"Send Push Notification",0.00,NORMAL,NULL
257,NULL,NULL,0,0.00,NULL,NULL,NULL,0,"Regular Users",NULL,"Send Push Notification",0.00,NORMAL,NULL
258,2026-03-19,36,2,6462.40,NULL,NULL,NULL,1,"High Value At Risk",NULL,"Send Push Notification",6462.40,HIGH,NULL
259,NULL,NULL,0,0.00,NULL,NULL,NULL,0,"Regular Users",NULL,"Send Push Notification",0.00,NORMAL,NULL
260,NULL,NULL,0,0.00,NULL,NULL,NULL,0,"Regular Users",NULL,"Send Push Notification",0.00,NORMAL,NULL
261,NULL,NULL,0,0.00,NULL,NULL,NULL,0,"Regular Users",NULL,"Send Push Notification",0.00,NORMAL,NULL
262,NULL,NULL,0,0.00,NULL,NULL,NULL,0,"Regular Users",NULL,"Send Push Notification",0.00,NORMAL,NULL
263,NULL,NULL,0,0.00,NULL,NULL,NULL,0,"Regular Users",NULL,"Send Push Notification",0.00,NORMAL,NULL
264,2026-03-15,40,3,10318.86,NULL,NULL,NULL,1,"High Value At Risk",NULL,Monitor,10318.86,HIGH,NULL
265,NULL,NULL,0,0.00,NULL,NULL,NULL,0,"Regular Users",NULL,"Send Push Notification",0.00,NORMAL,NULL
266,2026-01-28,86,1,466.69,NULL,NULL,NULL,1,"Low Engagement",NULL,"Send Push Notification",0.00,LOW,NULL
267,NULL,NULL,0,0.00,NULL,NULL,NULL,0,"Regular Users",NULL,"Send Push Notification",0.00,NORMAL,NULL
268,2026-03-08,47,1,4959.53,NULL,NULL,NULL,1,"High Value At Risk",NULL,"Send Push Notification",4959.53,HIGH,NULL
269,2026-03-03,52,2,2214.07,NULL,NULL,NULL,1,"Churned Users",NULL,"Send Push Notification",2214.07,MEDIUM,NULL
270,2025-12-24,121,1,182.55,NULL,NULL,NULL,1,"Low Engagement",NULL,"Send Push Notification",0.00,LOW,NULL
271,NULL,NULL,0,0.00,NULL,NULL,NULL,0,"Regular Users",NULL,"Send Push Notification",0.00,NORMAL,NULL
272,2026-03-26,29,2,5690.60,NULL,NULL,NULL,0,"High Value Active",NULL,"Send Push Notification",0.00,NORMAL,NULL
273,2026-03-30,25,2,4347.85,NULL,NULL,NULL,0,"High Value Active",NULL,"Send Push Notification",0.00,NORMAL,NULL
274,2026-03-10,45,1,4526.22,NULL,NULL,NULL,1,"High Value At Risk",NULL,"Send Push Notification",4526.22,HIGH,NULL
275,2026-04-13,11,1,4840.23,NULL,NULL,NULL,0,"High Value Active",NULL,"Send Push Notification",0.00,NORMAL,NULL
276,2026-02-11,72,1,3310.74,NULL,NULL,NULL,1,"High Value At Risk",NULL,"Send Push Notification",3310.74,HIGH,NULL
277,2026-04-07,17,1,677.09,NULL,NULL,NULL,0,"Regular Users",NULL,"Send Push Notification",0.00,NORMAL,NULL
278,NULL,NULL,0,0.00,NULL,NULL,NULL,0,"Regular Users",NULL,"Send Push Notification",0.00,NORMAL,NULL
279,2026-04-15,9,4,14921.10,NULL,NULL,NULL,0,"High Value Active",NULL,Monitor,0.00,NORMAL,NULL
280,2026-02-20,63,2,2094.40,NULL,NULL,NULL,1,"Churned Users",NULL,"Send Push Notification",2094.40,MEDIUM,NULL
281,2026-01-17,97,1,270.79,NULL,NULL,NULL,1,"Low Engagement",NULL,"Send Push Notification",0.00,LOW,NULL
282,NULL,NULL,0,0.00,NULL,NULL,NULL,0,"Regular Users",NULL,"Send Push Notification",0.00,NORMAL,NULL
283,NULL,NULL,0,0.00,NULL,NULL,NULL,0,"Regular Users",NULL,"Send Push Notification",0.00,NORMAL,NULL
284,NULL,NULL,0,0.00,NULL,NULL,NULL,0,"Regular Users",NULL,"Send Push Notification",0.00,NORMAL,NULL
285,NULL,NULL,0,0.00,NULL,NULL,NULL,0,"Regular Users",NULL,"Send Push Notification",0.00,NORMAL,NULL
286,NULL,NULL,0,0.00,NULL,NULL,NULL,0,"Regular Users",NULL,"Send Push Notification",0.00,NORMAL,NULL
287,NULL,NULL,0,0.00,NULL,NULL,NULL,0,"Regular Users",NULL,"Send Push Notification",0.00,NORMAL,NULL
288,2026-01-17,97,1,1479.98,NULL,NULL,NULL,1,"Low Engagement",NULL,"Send Push Notification",0.00,LOW,NULL
289,2026-04-22,2,1,3250.42,NULL,NULL,NULL,0,"High Value Active",NULL,"Send Push Notification",0.00,NORMAL,NULL
290,NULL,NULL,0,0.00,NULL,NULL,NULL,0,"Regular Users",NULL,"Send Push Notification",0.00,NORMAL,NULL
291,NULL,NULL,0,0.00,NULL,NULL,NULL,0,"Regular Users",NULL,"Send Push Notification",0.00,NORMAL,NULL
292,NULL,NULL,0,0.00,NULL,NULL,NULL,0,"Regular Users",NULL,"Send Push Notification",0.00,NORMAL,NULL
293,NULL,NULL,0,0.00,NULL,NULL,NULL,0,"Regular Users",NULL,"Send Push Notification",0.00,NORMAL,NULL
294,NULL,NULL,0,0.00,NULL,NULL,NULL,0,"Regular Users",NULL,"Send Push Notification",0.00,NORMAL,NULL
295,2025-10-28,178,1,2557.61,NULL,NULL,NULL,1,"Low Engagement",NULL,"Send Push Notification",0.00,LOW,NULL
296,NULL,NULL,0,0.00,NULL,NULL,NULL,0,"Regular Users",NULL,"Send Push Notification",0.00,NORMAL,NULL
297,2026-03-26,29,1,1812.23,NULL,NULL,NULL,0,"Low Engagement",NULL,"Send Push Notification",0.00,LOW,NULL
298,2026-03-06,49,1,4474.29,NULL,NULL,NULL,1,"High Value At Risk",NULL,"Send Push Notification",4474.29,HIGH,NULL
299,NULL,NULL,0,0.00,NULL,NULL,NULL,0,"Regular Users",NULL,"Send Push Notification",0.00,NORMAL,NULL
300,NULL,NULL,0,0.00,NULL,NULL,NULL,0,"Regular Users",NULL,"Send Push Notification",0.00,NORMAL,NULL
301,2025-11-24,151,1,3663.98,NULL,NULL,NULL,1,"High Value At Risk",NULL,"Send Push Notification",3663.98,HIGH,NULL
302,NULL,NULL,0,0.00,NULL,NULL,NULL,0,"Regular Users",NULL,"Send Push Notification",0.00,NORMAL,NULL
303,2025-12-14,131,1,795.62,NULL,NULL,NULL,1,"Low Engagement",NULL,"Send Push Notification",0.00,LOW,NULL
304,2026-02-24,59,4,4618.83,NULL,NULL,NULL,1,"High Value At Risk",NULL,Monitor,4618.83,HIGH,NULL
305,NULL,NULL,0,0.00,NULL,NULL,NULL,0,"Regular Users",NULL,"Send Push Notification",0.00,NORMAL,NULL
306,2026-01-08,106,1,2194.44,NULL,NULL,NULL,1,"Low Engagement",NULL,"Send Push Notification",0.00,LOW,NULL
307,NULL,NULL,0,0.00,NULL,NULL,NULL,0,"Regular Users",NULL,"Send Push Notification",0.00,NORMAL,NULL
308,NULL,NULL,0,0.00,NULL,NULL,NULL,0,"Regular Users",NULL,"Send Push Notification",0.00,NORMAL,NULL
309,NULL,NULL,0,0.00,NULL,NULL,NULL,0,"Regular Users",NULL,"Send Push Notification",0.00,NORMAL,NULL
310,2026-02-16,67,1,1786.50,NULL,NULL,NULL,1,"Low Engagement",NULL,"Send Push Notification",0.00,LOW,NULL
311,2026-04-20,4,1,2954.09,NULL,NULL,NULL,0,"Regular Users",NULL,"Send Push Notification",0.00,NORMAL,NULL
312,NULL,NULL,0,0.00,NULL,NULL,NULL,0,"Regular Users",NULL,"Send Push Notification",0.00,NORMAL,NULL
313,NULL,NULL,0,0.00,NULL,NULL,NULL,0,"Regular Users",NULL,"Send Push Notification",0.00,NORMAL,NULL
314,NULL,NULL,0,0.00,NULL,NULL,NULL,0,"Regular Users",NULL,"Send Push Notification",0.00,NORMAL,NULL
315,NULL,NULL,0,0.00,NULL,NULL,NULL,0,"Regular Users",NULL,"Send Push Notification",0.00,NORMAL,NULL
316,2026-01-28,86,1,4182.51,NULL,NULL,NULL,1,"High Value At Risk",NULL,"Send Push Notification",4182.51,HIGH,NULL
317,2025-11-10,165,1,3534.24,NULL,NULL,NULL,1,"High Value At Risk",NULL,"Send Push Notification",3534.24,HIGH,NULL
318,2026-03-04,51,5,14343.58,NULL,NULL,NULL,1,"High Value At Risk",NULL,Monitor,14343.58,HIGH,NULL
319,2026-03-28,27,2,3632.42,NULL,NULL,NULL,0,"High Value Active",NULL,"Send Push Notification",0.00,NORMAL,NULL
320,2025-10-29,177,1,1737.16,NULL,NULL,NULL,1,"Low Engagement",NULL,"Send Push Notification",0.00,LOW,NULL
321,NULL,NULL,0,0.00,NULL,NULL,NULL,0,"Regular Users",NULL,"Send Push Notification",0.00,NORMAL,NULL
322,NULL,NULL,0,0.00,NULL,NULL,NULL,0,"Regular Users",NULL,"Send Push Notification",0.00,NORMAL,NULL
323,2026-01-21,93,2,8246.63,NULL,NULL,NULL,1,"High Value At Risk",NULL,"Send Push Notification",8246.63,HIGH,NULL
324,2026-03-25,30,1,1299.89,NULL,NULL,NULL,0,"Low Engagement",NULL,"Send Push Notification",0.00,LOW,NULL
325,NULL,NULL,0,0.00,NULL,NULL,NULL,0,"Regular Users",NULL,"Send Push Notification",0.00,NORMAL,NULL
326,NULL,NULL,0,0.00,NULL,NULL,NULL,0,"Regular Users",NULL,"Send Push Notification",0.00,NORMAL,NULL
327,2026-04-23,1,1,2203.94,NULL,NULL,NULL,0,"Regular Users",NULL,"Send Push Notification",0.00,NORMAL,NULL
328,NULL,NULL,0,0.00,NULL,NULL,NULL,0,"Regular Users",NULL,"Send Push Notification",0.00,NORMAL,NULL
329,2026-01-19,95,1,142.98,NULL,NULL,NULL,1,"Low Engagement",NULL,"Send Push Notification",0.00,LOW,NULL
330,2026-02-25,58,3,9436.25,NULL,NULL,NULL,1,"High Value At Risk",NULL,Monitor,9436.25,HIGH,NULL
331,2026-03-08,47,2,7702.05,NULL,NULL,NULL,1,"High Value At Risk",NULL,"Send Push Notification",7702.05,HIGH,NULL
332,2026-02-24,59,2,9017.16,NULL,NULL,NULL,1,"High Value At Risk",NULL,"Send Push Notification",9017.16,HIGH,NULL
333,2026-04-10,14,1,3732.45,NULL,NULL,NULL,0,"High Value Active",NULL,"Send Push Notification",0.00,NORMAL,NULL
334,2025-10-29,177,1,1419.70,NULL,NULL,NULL,1,"Low Engagement",NULL,"Send Push Notification",0.00,LOW,NULL
335,NULL,NULL,0,0.00,NULL,NULL,NULL,0,"Regular Users",NULL,"Send Push Notification",0.00,NORMAL,NULL
336,NULL,NULL,0,0.00,NULL,NULL,NULL,0,"Regular Users",NULL,"Send Push Notification",0.00,NORMAL,NULL
337,2025-12-03,142,1,1448.14,NULL,NULL,NULL,1,"Low Engagement",NULL,"Send Push Notification",0.00,LOW,NULL
338,2026-02-14,69,2,5565.49,NULL,NULL,NULL,1,"High Value At Risk",NULL,"Send Push Notification",5565.49,HIGH,NULL
339,NULL,NULL,0,0.00,NULL,NULL,NULL,0,"Regular Users",NULL,"Send Push Notification",0.00,NORMAL,NULL
340,NULL,NULL,0,0.00,NULL,NULL,NULL,0,"Regular Users",NULL,"Send Push Notification",0.00,NORMAL,NULL
341,2026-02-20,63,1,392.07,NULL,NULL,NULL,1,"Low Engagement",NULL,"Send Push Notification",0.00,LOW,NULL
342,2026-04-02,22,2,6426.48,NULL,NULL,NULL,0,"High Value Active",NULL,"Send Push Notification",0.00,NORMAL,NULL
343,2025-11-25,150,1,2474.58,NULL,NULL,NULL,1,"Low Engagement",NULL,"Send Push Notification",0.00,LOW,NULL
344,NULL,NULL,0,0.00,NULL,NULL,NULL,0,"Regular Users",NULL,"Send Push Notification",0.00,NORMAL,NULL
345,NULL,NULL,0,0.00,NULL,NULL,NULL,0,"Regular Users",NULL,"Send Push Notification",0.00,NORMAL,NULL
346,NULL,NULL,0,0.00,NULL,NULL,NULL,0,"Regular Users",NULL,"Send Push Notification",0.00,NORMAL,NULL
347,NULL,NULL,0,0.00,NULL,NULL,NULL,0,"Regular Users",NULL,"Send Push Notification",0.00,NORMAL,NULL
348,NULL,NULL,0,0.00,NULL,NULL,NULL,0,"Regular Users",NULL,"Send Push Notification",0.00,NORMAL,NULL
349,NULL,NULL,0,0.00,NULL,NULL,NULL,0,"Regular Users",NULL,"Send Push Notification",0.00,NORMAL,NULL
350,2025-11-10,165,1,4353.95,NULL,NULL,NULL,1,"High Value At Risk",NULL,"Send Push Notification",4353.95,HIGH,NULL
351,2026-04-11,13,2,3139.89,NULL,NULL,NULL,0,"High Value Active",NULL,"Send Push Notification",0.00,NORMAL,NULL
352,NULL,NULL,0,0.00,NULL,NULL,NULL,0,"Regular Users",NULL,"Send Push Notification",0.00,NORMAL,NULL
353,2025-12-31,114,1,448.97,NULL,NULL,NULL,1,"Low Engagement",NULL,"Send Push Notification",0.00,LOW,NULL
354,NULL,NULL,0,0.00,NULL,NULL,NULL,0,"Regular Users",NULL,"Send Push Notification",0.00,NORMAL,NULL
355,2026-02-23,60,2,5701.28,NULL,NULL,NULL,1,"High Value At Risk",NULL,"Send Push Notification",5701.28,HIGH,NULL
356,NULL,NULL,0,0.00,NULL,NULL,NULL,0,"Regular Users",NULL,"Send Push Notification",0.00,NORMAL,NULL
357,NULL,NULL,0,0.00,NULL,NULL,NULL,0,"Regular Users",NULL,"Send Push Notification",0.00,NORMAL,NULL
358,NULL,NULL,0,0.00,NULL,NULL,NULL,0,"Regular Users",NULL,"Send Push Notification",0.00,NORMAL,NULL
359,NULL,NULL,0,0.00,NULL,NULL,NULL,0,"Regular Users",NULL,"Send Push Notification",0.00,NORMAL,NULL
360,2025-12-21,124,1,3405.34,NULL,NULL,NULL,1,"High Value At Risk",NULL,"Send Push Notification",3405.34,HIGH,NULL
361,NULL,NULL,0,0.00,NULL,NULL,NULL,0,"Regular Users",NULL,"Send Push Notification",0.00,NORMAL,NULL
362,NULL,NULL,0,0.00,NULL,NULL,NULL,0,"Regular Users",NULL,"Send Push Notification",0.00,NORMAL,NULL
363,2026-03-22,33,1,703.94,NULL,NULL,NULL,1,"Low Engagement",NULL,"Send Push Notification",0.00,LOW,NULL
364,2025-12-29,116,1,2228.00,NULL,NULL,NULL,1,"Low Engagement",NULL,"Send Push Notification",0.00,LOW,NULL
365,2026-02-08,75,1,1501.31,NULL,NULL,NULL,1,"Low Engagement",NULL,"Send Push Notification",0.00,LOW,NULL
366,2025-12-27,118,1,2403.73,NULL,NULL,NULL,1,"Low Engagement",NULL,"Send Push Notification",0.00,LOW,NULL
367,2026-04-11,13,1,2764.76,NULL,NULL,NULL,0,"Regular Users",NULL,"Send Push Notification",0.00,NORMAL,NULL
368,2025-11-11,164,1,3736.30,NULL,NULL,NULL,1,"High Value At Risk",NULL,"Send Push Notification",3736.30,HIGH,NULL
369,NULL,NULL,0,0.00,NULL,NULL,NULL,0,"Regular Users",NULL,"Send Push Notification",0.00,NORMAL,NULL
370,NULL,NULL,0,0.00,NULL,NULL,NULL,0,"Regular Users",NULL,"Send Push Notification",0.00,NORMAL,NULL
371,2026-02-15,68,1,372.39,NULL,NULL,NULL,1,"Low Engagement",NULL,"Send Push Notification",0.00,LOW,NULL
372,NULL,NULL,0,0.00,NULL,NULL,NULL,0,"Regular Users",NULL,"Send Push Notification",0.00,NORMAL,NULL
373,NULL,NULL,0,0.00,NULL,NULL,NULL,0,"Regular Users",NULL,"Send Push Notification",0.00,NORMAL,NULL
374,2026-02-11,72,2,1114.14,NULL,NULL,NULL,1,"Churned Users",NULL,"Send Push Notification",1114.14,MEDIUM,NULL
375,NULL,NULL,0,0.00,NULL,NULL,NULL,0,"Regular Users",NULL,"Send Push Notification",0.00,NORMAL,NULL
376,NULL,NULL,0,0.00,NULL,NULL,NULL,0,"Regular Users",NULL,"Send Push Notification",0.00,NORMAL,NULL
377,2026-01-08,106,1,549.09,NULL,NULL,NULL,1,"Low Engagement",NULL,"Send Push Notification",0.00,LOW,NULL
378,NULL,NULL,0,0.00,NULL,NULL,NULL,0,"Regular Users",NULL,"Send Push Notification",0.00,NORMAL,NULL
379,NULL,NULL,0,0.00,NULL,NULL,NULL,0,"Regular Users",NULL,"Send Push Notification",0.00,NORMAL,NULL
380,2025-10-27,179,1,533.72,NULL,NULL,NULL,1,"Low Engagement",NULL,"Send Push Notification",0.00,LOW,NULL
381,2025-11-06,169,1,4071.55,NULL,NULL,NULL,1,"High Value At Risk",NULL,"Send Push Notification",4071.55,HIGH,NULL
382,NULL,NULL,0,0.00,NULL,NULL,NULL,0,"Regular Users",NULL,"Send Push Notification",0.00,NORMAL,NULL
383,2025-12-21,124,2,6703.23,NULL,NULL,NULL,1,"High Value At Risk",NULL,"Send Push Notification",6703.23,HIGH,NULL
384,2026-03-06,49,1,2455.17,NULL,NULL,NULL,1,"Low Engagement",NULL,"Send Push Notification",0.00,LOW,NULL
385,2025-12-03,142,1,288.19,NULL,NULL,NULL,1,"Low Engagement",NULL,"Send Push Notification",0.00,LOW,NULL
386,2025-12-02,143,2,698.75,NULL,NULL,NULL,1,"Churned Users",NULL,"Send Push Notification",698.75,MEDIUM,NULL
387,2025-11-16,159,1,2563.73,NULL,NULL,NULL,1,"Low Engagement",NULL,"Send Push Notification",0.00,LOW,NULL
388,NULL,NULL,0,0.00,NULL,NULL,NULL,0,"Regular Users",NULL,"Send Push Notification",0.00,NORMAL,NULL
389,2025-11-19,156,2,4328.29,NULL,NULL,NULL,1,"High Value At Risk",NULL,"Send Push Notification",4328.29,HIGH,NULL
390,2025-11-06,169,1,1902.41,NULL,NULL,NULL,1,"Low Engagement",NULL,"Send Push Notification",0.00,LOW,NULL
391,2026-03-17,38,3,6687.46,NULL,NULL,NULL,1,"High Value At Risk",NULL,Monitor,6687.46,HIGH,NULL
392,2026-03-06,49,2,6789.78,NULL,NULL,NULL,1,"High Value At Risk",NULL,"Send Push Notification",6789.78,HIGH,NULL
393,2026-03-19,36,1,403.92,NULL,NULL,NULL,1,"Low Engagement",NULL,"Send Push Notification",0.00,LOW,NULL
394,NULL,NULL,0,0.00,NULL,NULL,NULL,0,"Regular Users",NULL,"Send Push Notification",0.00,NORMAL,NULL
395,NULL,NULL,0,0.00,NULL,NULL,NULL,0,"Regular Users",NULL,"Send Push Notification",0.00,NORMAL,NULL
396,NULL,NULL,0,0.00,NULL,NULL,NULL,0,"Regular Users",NULL,"Send Push Notification",0.00,NORMAL,NULL
397,2026-01-17,97,1,3775.88,NULL,NULL,NULL,1,"High Value At Risk",NULL,"Send Push Notification",3775.88,HIGH,NULL
398,NULL,NULL,0,0.00,NULL,NULL,NULL,0,"Regular Users",NULL,"Send Push Notification",0.00,NORMAL,NULL
399,NULL,NULL,0,0.00,NULL,NULL,NULL,0,"Regular Users",NULL,"Send Push Notification",0.00,NORMAL,NULL
400,2025-12-05,140,1,4579.47,NULL,NULL,NULL,1,"High Value At Risk",NULL,"Send Push Notification",4579.47,HIGH,NULL
401,NULL,NULL,0,0.00,NULL,NULL,NULL,0,"Regular Users",NULL,"Send Push Notification",0.00,NORMAL,NULL
402,2025-12-23,122,1,2087.42,NULL,NULL,NULL,1,"Low Engagement",NULL,"Send Push Notification",0.00,LOW,NULL
403,NULL,NULL,0,0.00,NULL,NULL,NULL,0,"Regular Users",NULL,"Send Push Notification",0.00,NORMAL,NULL
404,2026-03-11,44,1,1238.88,NULL,NULL,NULL,1,"Low Engagement",NULL,"Send Push Notification",0.00,LOW,NULL
405,NULL,NULL,0,0.00,NULL,NULL,NULL,0,"Regular Users",NULL,"Send Push Notification",0.00,NORMAL,NULL
406,2026-04-08,16,3,9562.19,NULL,NULL,NULL,0,"High Value Active",NULL,Monitor,0.00,NORMAL,NULL
407,2026-01-26,88,2,6023.76,NULL,NULL,NULL,1,"High Value At Risk",NULL,"Send Push Notification",6023.76,HIGH,NULL
408,2026-02-08,75,1,337.57,NULL,NULL,NULL,1,"Low Engagement",NULL,"Send Push Notification",0.00,LOW,NULL
409,NULL,NULL,0,0.00,NULL,NULL,NULL,0,"Regular Users",NULL,"Send Push Notification",0.00,NORMAL,NULL
410,2026-03-22,33,1,4536.04,NULL,NULL,NULL,1,"High Value At Risk",NULL,"Send Push Notification",4536.04,HIGH,NULL
411,NULL,NULL,0,0.00,NULL,NULL,NULL,0,"Regular Users",NULL,"Send Push Notification",0.00,NORMAL,NULL
412,NULL,NULL,0,0.00,NULL,NULL,NULL,0,"Regular Users",NULL,"Send Push Notification",0.00,NORMAL,NULL
413,2026-04-23,1,1,4965.34,NULL,NULL,NULL,0,"High Value Active",NULL,"Send Push Notification",0.00,NORMAL,NULL
414,2025-11-02,173,1,3862.65,NULL,NULL,NULL,1,"High Value At Risk",NULL,"Send Push Notification",3862.65,HIGH,NULL
415,2025-12-30,115,1,717.49,NULL,NULL,NULL,1,"Low Engagement",NULL,"Send Push Notification",0.00,LOW,NULL
416,NULL,NULL,0,0.00,NULL,NULL,NULL,0,"Regular Users",NULL,"Send Push Notification",0.00,NORMAL,NULL
417,2026-03-16,39,1,3048.53,NULL,NULL,NULL,1,"High Value At Risk",NULL,"Send Push Notification",3048.53,HIGH,NULL
418,NULL,NULL,0,0.00,NULL,NULL,NULL,0,"Regular Users",NULL,"Send Push Notification",0.00,NORMAL,NULL
419,NULL,NULL,0,0.00,NULL,NULL,NULL,0,"Regular Users",NULL,"Send Push Notification",0.00,NORMAL,NULL
420,2026-04-17,7,3,3702.15,NULL,NULL,NULL,0,"High Value Active",NULL,Monitor,0.00,NORMAL,NULL
421,2026-03-19,36,4,15653.64,NULL,NULL,NULL,1,"High Value At Risk",NULL,"Offer Loyalty Reward",15653.64,HIGH,NULL
422,NULL,NULL,0,0.00,NULL,NULL,NULL,0,"Regular Users",NULL,"Send Push Notification",0.00,NORMAL,NULL
423,2026-03-21,34,1,2176.29,NULL,NULL,NULL,1,"Low Engagement",NULL,"Send Push Notification",0.00,LOW,NULL
424,NULL,NULL,0,0.00,NULL,NULL,NULL,0,"Regular Users",NULL,"Send Push Notification",0.00,NORMAL,NULL
425,2026-01-28,86,1,1447.28,NULL,NULL,NULL,1,"Low Engagement",NULL,"Send Push Notification",0.00,LOW,NULL
426,NULL,NULL,0,0.00,NULL,NULL,NULL,0,"Regular Users",NULL,"Send Push Notification",0.00,NORMAL,NULL
427,2025-11-08,167,1,2722.77,NULL,NULL,NULL,1,"Low Engagement",NULL,"Send Push Notification",0.00,LOW,NULL
428,2026-01-17,97,1,2960.02,NULL,NULL,NULL,1,"Low Engagement",NULL,"Send Push Notification",0.00,LOW,NULL
429,2025-12-24,121,2,3686.21,NULL,NULL,NULL,1,"High Value At Risk",NULL,"Send Push Notification",3686.21,HIGH,NULL
430,2026-02-16,67,1,1553.58,NULL,NULL,NULL,1,"Low Engagement",NULL,"Send Push Notification",0.00,LOW,NULL
431,2026-03-16,39,1,4777.08,NULL,NULL,NULL,1,"High Value At Risk",NULL,"Send Push Notification",4777.08,HIGH,NULL
432,NULL,NULL,0,0.00,NULL,NULL,NULL,0,"Regular Users",NULL,"Send Push Notification",0.00,NORMAL,NULL
433,2026-01-28,86,2,2922.92,NULL,NULL,NULL,1,"Churned Users",NULL,"Send Push Notification",2922.92,MEDIUM,NULL
434,NULL,NULL,0,0.00,NULL,NULL,NULL,0,"Regular Users",NULL,"Send Push Notification",0.00,NORMAL,NULL
435,2026-01-24,90,1,1737.66,NULL,NULL,NULL,1,"Low Engagement",NULL,"Send Push Notification",0.00,LOW,NULL
436,2025-12-27,118,2,2545.36,NULL,NULL,NULL,1,"Churned Users",NULL,"Send Push Notification",2545.36,MEDIUM,NULL
437,2026-03-23,32,1,3627.16,NULL,NULL,NULL,1,"High Value At Risk",NULL,"Send Push Notification",3627.16,HIGH,NULL
438,NULL,NULL,0,0.00,NULL,NULL,NULL,0,"Regular Users",NULL,"Send Push Notification",0.00,NORMAL,NULL
439,NULL,NULL,0,0.00,NULL,NULL,NULL,0,"Regular Users",NULL,"Send Push Notification",0.00,NORMAL,NULL
440,NULL,NULL,0,0.00,NULL,NULL,NULL,0,"Regular Users",NULL,"Send Push Notification",0.00,NORMAL,NULL
441,NULL,NULL,0,0.00,NULL,NULL,NULL,0,"Regular Users",NULL,"Send Push Notification",0.00,NORMAL,NULL
442,NULL,NULL,0,0.00,NULL,NULL,NULL,0,"Regular Users",NULL,"Send Push Notification",0.00,NORMAL,NULL
443,2026-04-02,22,2,3492.92,NULL,NULL,NULL,0,"High Value Active",NULL,"Send Push Notification",0.00,NORMAL,NULL
444,2026-01-16,98,1,2758.45,NULL,NULL,NULL,1,"Low Engagement",NULL,"Send Push Notification",0.00,LOW,NULL
445,NULL,NULL,0,0.00,NULL,NULL,NULL,0,"Regular Users",NULL,"Send Push Notification",0.00,NORMAL,NULL
446,2026-04-20,4,1,4569.57,NULL,NULL,NULL,0,"High Value Active",NULL,"Send Push Notification",0.00,NORMAL,NULL
447,NULL,NULL,0,0.00,NULL,NULL,NULL,0,"Regular Users",NULL,"Send Push Notification",0.00,NORMAL,NULL
448,2025-11-04,171,1,2779.07,NULL,NULL,NULL,1,"Low Engagement",NULL,"Send Push Notification",0.00,LOW,NULL
449,NULL,NULL,0,0.00,NULL,NULL,NULL,0,"Regular Users",NULL,"Send Push Notification",0.00,NORMAL,NULL
450,NULL,NULL,0,0.00,NULL,NULL,NULL,0,"Regular Users",NULL,"Send Push Notification",0.00,NORMAL,NULL
451,NULL,NULL,0,0.00,NULL,NULL,NULL,0,"Regular Users",NULL,"Send Push Notification",0.00,NORMAL,NULL
452,NULL,NULL,0,0.00,NULL,NULL,NULL,0,"Regular Users",NULL,"Send Push Notification",0.00,NORMAL,NULL
453,2026-01-18,96,2,4450.88,NULL,NULL,NULL,1,"High Value At Risk",NULL,"Send Push Notification",4450.88,HIGH,NULL
454,2026-01-15,99,3,6183.88,NULL,NULL,NULL,1,"High Value At Risk",NULL,Monitor,6183.88,HIGH,NULL
455,2026-02-10,73,2,5752.76,NULL,NULL,NULL,1,"High Value At Risk",NULL,"Send Push Notification",5752.76,HIGH,NULL
456,2026-04-15,9,2,6012.07,NULL,NULL,NULL,0,"High Value Active",NULL,"Send Push Notification",0.00,NORMAL,NULL
457,2026-04-24,0,2,8681.53,NULL,NULL,NULL,0,"High Value Active",NULL,"Send Push Notification",0.00,NORMAL,NULL
458,NULL,NULL,0,0.00,NULL,NULL,NULL,0,"Regular Users",NULL,"Send Push Notification",0.00,NORMAL,NULL
459,NULL,NULL,0,0.00,NULL,NULL,NULL,0,"Regular Users",NULL,"Send Push Notification",0.00,NORMAL,NULL
460,2026-03-22,33,2,6686.49,NULL,NULL,NULL,1,"High Value At Risk",NULL,"Send Push Notification",6686.49,HIGH,NULL
461,2026-02-19,64,1,2578.09,NULL,NULL,NULL,1,"Low Engagement",NULL,"Send Push Notification",0.00,LOW,NULL
462,NULL,NULL,0,0.00,NULL,NULL,NULL,0,"Regular Users",NULL,"Send Push Notification",0.00,NORMAL,NULL
463,2026-03-22,33,3,5375.70,NULL,NULL,NULL,1,"High Value At Risk",NULL,Monitor,5375.70,HIGH,NULL
464,NULL,NULL,0,0.00,NULL,NULL,NULL,0,"Regular Users",NULL,"Send Push Notification",0.00,NORMAL,NULL
465,NULL,NULL,0,0.00,NULL,NULL,NULL,0,"Regular Users",NULL,"Send Push Notification",0.00,NORMAL,NULL
466,NULL,NULL,0,0.00,NULL,NULL,NULL,0,"Regular Users",NULL,"Send Push Notification",0.00,NORMAL,NULL
467,2025-11-12,163,2,3349.53,NULL,NULL,NULL,1,"High Value At Risk",NULL,"Send Push Notification",3349.53,HIGH,NULL
468,NULL,NULL,0,0.00,NULL,NULL,NULL,0,"Regular Users",NULL,"Send Push Notification",0.00,NORMAL,NULL
469,2025-11-13,162,1,3668.80,NULL,NULL,NULL,1,"High Value At Risk",NULL,"Send Push Notification",3668.80,HIGH,NULL
470,NULL,NULL,0,0.00,NULL,NULL,NULL,0,"Regular Users",NULL,"Send Push Notification",0.00,NORMAL,NULL
471,NULL,NULL,0,0.00,NULL,NULL,NULL,0,"Regular Users",NULL,"Send Push Notification",0.00,NORMAL,NULL
472,NULL,NULL,0,0.00,NULL,NULL,NULL,0,"Regular Users",NULL,"Send Push Notification",0.00,NORMAL,NULL
473,2025-12-01,144,1,920.09,NULL,NULL,NULL,1,"Low Engagement",NULL,"Send Push Notification",0.00,LOW,NULL
474,2026-01-02,112,1,3922.42,NULL,NULL,NULL,1,"High Value At Risk",NULL,"Send Push Notification",3922.42,HIGH,NULL
475,NULL,NULL,0,0.00,NULL,NULL,NULL,0,"Regular Users",NULL,"Send Push Notification",0.00,NORMAL,NULL
476,2026-04-24,0,2,5824.09,NULL,NULL,NULL,0,"High Value Active",NULL,"Send Push Notification",0.00,NORMAL,NULL
477,2026-03-12,43,1,1792.42,NULL,NULL,NULL,1,"Low Engagement",NULL,"Send Push Notification",0.00,LOW,NULL
478,NULL,NULL,0,0.00,NULL,NULL,NULL,0,"Regular Users",NULL,"Send Push Notification",0.00,NORMAL,NULL
479,2025-11-14,161,1,581.39,NULL,NULL,NULL,1,"Low Engagement",NULL,"Send Push Notification",0.00,LOW,NULL
480,2025-12-17,128,1,928.35,NULL,NULL,NULL,1,"Low Engagement",NULL,"Send Push Notification",0.00,LOW,NULL
481,NULL,NULL,0,0.00,NULL,NULL,NULL,0,"Regular Users",NULL,"Send Push Notification",0.00,NORMAL,NULL
482,NULL,NULL,0,0.00,NULL,NULL,NULL,0,"Regular Users",NULL,"Send Push Notification",0.00,NORMAL,NULL
483,NULL,NULL,0,0.00,NULL,NULL,NULL,0,"Regular Users",NULL,"Send Push Notification",0.00,NORMAL,NULL
484,2026-03-25,30,1,2263.63,NULL,NULL,NULL,0,"Low Engagement",NULL,"Send Push Notification",0.00,LOW,NULL
485,NULL,NULL,0,0.00,NULL,NULL,NULL,0,"Regular Users",NULL,"Send Push Notification",0.00,NORMAL,NULL
486,2025-12-01,144,1,649.39,NULL,NULL,NULL,1,"Low Engagement",NULL,"Send Push Notification",0.00,LOW,NULL
487,2025-12-11,134,1,1584.19,NULL,NULL,NULL,1,"Low Engagement",NULL,"Send Push Notification",0.00,LOW,NULL
488,NULL,NULL,0,0.00,NULL,NULL,NULL,0,"Regular Users",NULL,"Send Push Notification",0.00,NORMAL,NULL
489,2026-04-22,2,3,13111.00,NULL,NULL,NULL,0,"High Value Active",NULL,Monitor,0.00,NORMAL,NULL
490,NULL,NULL,0,0.00,NULL,NULL,NULL,0,"Regular Users",NULL,"Send Push Notification",0.00,NORMAL,NULL
491,NULL,NULL,0,0.00,NULL,NULL,NULL,0,"Regular Users",NULL,"Send Push Notification",0.00,NORMAL,NULL
492,NULL,NULL,0,0.00,NULL,NULL,NULL,0,"Regular Users",NULL,"Send Push Notification",0.00,NORMAL,NULL
493,NULL,NULL,0,0.00,NULL,NULL,NULL,0,"Regular Users",NULL,"Send Push Notification",0.00,NORMAL,NULL
494,2026-04-24,0,2,2987.31,NULL,NULL,NULL,0,"Regular Users",NULL,"Send Push Notification",0.00,NORMAL,NULL
495,2026-02-19,64,2,2694.85,NULL,NULL,NULL,1,"Churned Users",NULL,"Send Push Notification",2694.85,MEDIUM,NULL
496,2026-02-02,81,2,5055.58,NULL,NULL,NULL,1,"High Value At Risk",NULL,"Send Push Notification",5055.58,HIGH,NULL
497,NULL,NULL,0,0.00,NULL,NULL,NULL,0,"Regular Users",NULL,"Send Push Notification",0.00,NORMAL,NULL
498,NULL,NULL,0,0.00,NULL,NULL,NULL,0,"Regular Users",NULL,"Send Push Notification",0.00,NORMAL,NULL
499,2026-04-14,10,1,4078.71,NULL,NULL,NULL,0,"High Value Active",NULL,"Send Push Notification",0.00,NORMAL,NULL
500,NULL,NULL,0,0.00,NULL,NULL,NULL,0,"Regular Users",NULL,"Send Push Notification",0.00,NORMAL,NULL
501,NULL,NULL,0,0.00,NULL,NULL,NULL,0,"Regular Users",NULL,"Send Push Notification",0.00,NORMAL,NULL
502,NULL,NULL,0,0.00,NULL,NULL,NULL,0,"Regular Users",NULL,"Send Push Notification",0.00,NORMAL,NULL
503,2026-02-14,69,1,2188.15,NULL,NULL,NULL,1,"Low Engagement",NULL,"Send Push Notification",0.00,LOW,NULL
504,NULL,NULL,0,0.00,NULL,NULL,NULL,0,"Regular Users",NULL,"Send Push Notification",0.00,NORMAL,NULL
505,2026-01-14,100,1,1407.67,NULL,NULL,NULL,1,"Low Engagement",NULL,"Send Push Notification",0.00,LOW,NULL
506,2026-02-15,68,1,1977.44,NULL,NULL,NULL,1,"Low Engagement",NULL,"Send Push Notification",0.00,LOW,NULL
507,NULL,NULL,0,0.00,NULL,NULL,NULL,0,"Regular Users",NULL,"Send Push Notification",0.00,NORMAL,NULL
508,2025-11-29,146,1,2769.47,NULL,NULL,NULL,1,"Low Engagement",NULL,"Send Push Notification",0.00,LOW,NULL
509,NULL,NULL,0,0.00,NULL,NULL,NULL,0,"Regular Users",NULL,"Send Push Notification",0.00,NORMAL,NULL
510,2025-11-26,149,1,3149.37,NULL,NULL,NULL,1,"High Value At Risk",NULL,"Send Push Notification",3149.37,HIGH,NULL
511,2025-11-24,151,1,3368.13,NULL,NULL,NULL,1,"High Value At Risk",NULL,"Send Push Notification",3368.13,HIGH,NULL
512,2026-03-05,50,2,6236.74,NULL,NULL,NULL,1,"High Value At Risk",NULL,"Send Push Notification",6236.74,HIGH,NULL
513,2026-03-15,40,1,2960.81,NULL,NULL,NULL,1,"Low Engagement",NULL,"Send Push Notification",0.00,LOW,NULL
514,NULL,NULL,0,0.00,NULL,NULL,NULL,0,"Regular Users",NULL,"Send Push Notification",0.00,NORMAL,NULL
515,2026-03-28,27,1,1067.69,NULL,NULL,NULL,0,"Low Engagement",NULL,"Send Push Notification",0.00,LOW,NULL
516,2026-03-02,53,1,4658.15,NULL,NULL,NULL,1,"High Value At Risk",NULL,"Send Push Notification",4658.15,HIGH,NULL
517,2026-01-08,106,1,1976.79,NULL,NULL,NULL,1,"Low Engagement",NULL,"Send Push Notification",0.00,LOW,NULL
518,2026-04-02,22,1,287.30,NULL,NULL,NULL,0,"Low Engagement",NULL,"Send Push Notification",0.00,LOW,NULL
519,NULL,NULL,0,0.00,NULL,NULL,NULL,0,"Regular Users",NULL,"Send Push Notification",0.00,NORMAL,NULL
520,2026-04-01,23,1,358.26,NULL,NULL,NULL,0,"Low Engagement",NULL,"Send Push Notification",0.00,LOW,NULL
521,NULL,NULL,0,0.00,NULL,NULL,NULL,0,"Regular Users",NULL,"Send Push Notification",0.00,NORMAL,NULL
522,2026-03-17,38,3,6480.97,NULL,NULL,NULL,1,"High Value At Risk",NULL,Monitor,6480.97,HIGH,NULL
523,2026-03-28,27,1,824.54,NULL,NULL,NULL,0,"Low Engagement",NULL,"Send Push Notification",0.00,LOW,NULL
524,NULL,NULL,0,0.00,NULL,NULL,NULL,0,"Regular Users",NULL,"Send Push Notification",0.00,NORMAL,NULL
525,2026-01-12,102,1,1285.57,NULL,NULL,NULL,1,"Low Engagement",NULL,"Send Push Notification",0.00,LOW,NULL
526,2025-12-16,129,1,4944.93,NULL,NULL,NULL,1,"High Value At Risk",NULL,"Send Push Notification",4944.93,HIGH,NULL
527,2026-02-10,73,1,2213.77,NULL,NULL,NULL,1,"Low Engagement",NULL,"Send Push Notification",0.00,LOW,NULL
528,2025-11-29,146,1,2305.99,NULL,NULL,NULL,1,"Low Engagement",NULL,"Send Push Notification",0.00,LOW,NULL
529,NULL,NULL,0,0.00,NULL,NULL,NULL,0,"Regular Users",NULL,"Send Push Notification",0.00,NORMAL,NULL
530,2025-11-07,168,1,314.65,NULL,NULL,NULL,1,"Low Engagement",NULL,"Send Push Notification",0.00,LOW,NULL
531,NULL,NULL,0,0.00,NULL,NULL,NULL,0,"Regular Users",NULL,"Send Push Notification",0.00,NORMAL,NULL
532,NULL,NULL,0,0.00,NULL,NULL,NULL,0,"Regular Users",NULL,"Send Push Notification",0.00,NORMAL,NULL
533,NULL,NULL,0,0.00,NULL,NULL,NULL,0,"Regular Users",NULL,"Send Push Notification",0.00,NORMAL,NULL
534,2026-04-10,14,1,3814.22,NULL,NULL,NULL,0,"High Value Active",NULL,"Send Push Notification",0.00,NORMAL,NULL
535,NULL,NULL,0,0.00,NULL,NULL,NULL,0,"Regular Users",NULL,"Send Push Notification",0.00,NORMAL,NULL
